city,slug,url,name,rating,views,reviews_count,phone,board,established,category,classes,gender,locality,images
mumbai,/school/mumbai/jbcn-international-school-andheri,https://yellowslate.com/school/mumbai/jbcn-international-school-andheri,"JBCN International School, Oshiwara - Andheri ",4.9,3980,70,+919513238818,"IGCSE, IB",2013,"Day Schools, International Schools",Nursery - 12,Co-Education,Andheri,https://yellowslate.com/_next/image?url=https%3A%2F%2Fyellowslate.sgp1.cdn.digitaloceanspaces.com%2Fsports%2FVolleyball.png&w=1200&q=75 | https://yellowslate.com/_next/image?url=https%3A%2F%2Fyellowslate.sgp1.cdn.digitaloceanspaces.com%2Fsports%2FThrowball.png&w=1200&q=75 | https://yellowslate.com/_next/image?url=https%3A%2F%2Fyellowslate.sgp1.cdn.digitaloceanspaces.com%2Fsports%2FTennis.png&w=1200&q=75 | https://yellowslate.com/_next/image?url=https%3A%2F%2Fyellowslate.sgp1.cdn.digitaloceanspaces.com%2Fsports%2FTable-tennis.png&w=1200&q=75 | https://yellowslate.com/_next/image?url=https%3A%2F%2Fyellowslate.sgp1.cdn.digitaloceanspaces.com%2Fsports%2FSwimming.png&w=1200&q=75 | https://yellowslate.com/_next/image?url=https%3A%2F%2Fyellowslate.sgp1.cdn.digitaloceanspaces.com%2Fsports%2FSkating.png&w=1200&q=75 | https://yellowslate.com/_next/image?url=https%3A%2F%2Fyellowslate.sgp1.cdn.digitaloceanspaces.com%2Fsports%2FKabaddi.png&w=1200&q=75 | https://yellowslate.com/_next/image?url=https%3A%2F%2Fyellowslate.sgp1.cdn.digitaloceanspaces.com%2Fsports%2FHandball.png&w=1200&q=75 | https://yellowslate.com/_next/image?url=https%3A%2F%2Fyellowslate.sgp1.cdn.digitaloceanspaces.com%2Fsports%2FGymnastics.png&w=1200&q=75 | https://yellowslate.com/_next/image?url=https%3A%2F%2Fyellowslate.sgp1.cdn.digitaloceanspaces.com%2Fsports%2FFootball.png&w=1200&q=75 | https://yellowslate.com/_next/image?url=https%3A%2F%2Fyellowslate.sgp1.cdn.digitaloceanspaces.com%2Fsports%2FCycling.png&w=1200&q=75 | https://yellowslate.com/_next/image?url=https%3A%2F%2Fyellowslate.sgp1.cdn.digitaloceanspaces.com%2Fsports%2FCricket.png&w=1200&q=75 | https://yellowslate.com/_next/image?url=https%3A%2F%2Fyellowslate.sgp1.cdn.digitaloceanspaces.com%2Fsports%2FChess.png&w=1200&q=75 | https://yellowslate.com/_next/image?url=https%3A%2F%2Fyellowslate.sgp1.cdn.digitaloceanspaces.com%2Fsports%2FCarroms.png&w=1200&q=75 | https://yellowslate.com/_next/image?url=https%3A%2F%2Fyellowslate.sgp1.cdn.digitaloceanspaces.com%2Fsports%2FBoxing.png&w=1200&q=75 | https://yellowslate.com/_next/image?url=https%3A%2F%2Fyellowslate.sgp1.cdn.digitaloceanspaces.com%2Fsports%2FBasketball.png&w=1200&q=75 | https://yellowslate.com/_next/image?url=https%3A%2F%2Fyellowslate.sgp1.cdn.digitaloceanspaces.com%2Fsports%2FBadminton.png&w=1200&q=75 | https://yellowslate.com/_next/image?url=https%3A%2F%2Fyellowslate.sgp1.cdn.digitaloceanspaces.com%2Fsports%2FAthletics.png&w=1200&q=75 | https://yellowslate.com/_next/image?url=https%3A%2F%2Fyellowslate-blog.blr1.digitaloceanspaces.com%2F2020%2F04%2FBest-Schools-in-Mumbai-1.jpg&w=1200&q=75 | https://yellowslate.com/_next/image?url=https%3A%2F%2Fyellowslate-blog.blr1.digitaloceanspaces.com%2F2020%2F04%2FPre-Schools-in-mumbai.jpg&w=1200&q=75 | https://yellowslate.com/_next/image?url=https%3A%2F%2Fyellowslate.sgp1.cdn.digitaloceanspaces.com%2Fschools%2Fthumb.png&w=1200&q=75 | https://yellowslate.com/_next/image?url=https%3A%2F%2Fyellowslate.sgp1.cdn.digitaloceanspaces.com%2Fschools%2Fthumb.png&w=1200&q=75
mumbai,/school/mumbai/goschool-navi-mumbai,https://yellowslate.com/school/mumbai/goschool-navi-mumbai,GoSchool - Navi Mumbai ,4.9,3882,17,+919513238818,IGCSE,2021,Online Schools,6 - 12,Co-Education,Navi Mumbai,https://yellowslate.sgp1.cdn.digitaloceanspaces.com/schools/1730890051447605572672b4943265a21730890051.png | https://yellowslate.com/_next/image?url=https%3A%2F%2Fyellowslate.sgp1.cdn.digitaloceanspaces.com%2Fgallery%2F17048697991596278335659e3fa7b6fa11704869800.webp&w=1200&q=75 | https://yellowslate.com/_next/image?url=https%3A%2F%2Fyellowslate-blog.blr1.digitaloceanspaces.com%2F2023%2F10%2FEssay-On-My-Classroom-10-Lines-Short-and-Long-Essay-For-Class-1-2-and-3-Kids.jpg&w=1200&q=75 | https://yellowslate.com/_next/image?url=https%3A%2F%2Fyellowslate-blog.blr1.digitaloceanspaces.com%2F2025%2F03%2Fgoschool-logo.jpg&w=1200&q=75 | https://yellowslate.com/_next/image?url=https%3A%2F%2Fyellowslate-blog.blr1.digitaloceanspaces.com%2F2024%2F01%2FBulk-1-Bulk-1-Bulk-1-Blue-Modern-Dream-Home-For-Sale-Blog-Banner-2.png&w=1200&q=75 | https://yellowslate.com/_next/image?url=https%3A%2F%2Fyellowslate-blog.blr1.digitaloceanspaces.com%2Fys-blog%2F54df86ed-bc30-461d-9833-497f2fa363df-1763118830105.jpg&w=1200&q=75 | https://yellowslate.com/_next/image?url=https%3A%2F%2Fyellowslate.sgp1.cdn.digitaloceanspaces.com%2Fschools%2F169597855716457127726516943dbf0b81695978558.png&w=1200&q=75 | https://yellowslate.com/_next/image?url=https%3A%2F%2Fyellowslate.sgp1.cdn.digitaloceanspaces.com%2Fschools%2F16959829831720624306516a58753e1e1695982983.jpg&w=1200&q=75
mumbai,/school/mumbai/st-peters-school-mazgaon,https://yellowslate.com/school/mumbai/st-peters-school-mazgaon,St. Peters School - Mazgaon ,4.5,3412,80,+919513238818,ICSE,1874,Public Schools,000 - 62,Co-Education,Mazgaon,https://yellowslate.com/_next/image?url=https%3A%2F%2Fyellowslate.sgp1.cdn.digitaloceanspaces.com%2Fgallery%2F15883330593308966155eac0a0320eef1588333059.jpg&w=1200&q=75 | https://yellowslate.com/_next/image?url=https%3A%2F%2Fyellowslate.sgp1.cdn.digitaloceanspaces.com%2Fgallery%2F15883330561626133445eac0a00bd7141588333057.jpg&w=1200&q=75 | https://yellowslate.com/_next/image?url=https%3A%2F%2Fyellowslate.sgp1.cdn.digitaloceanspaces.com%2Fgallery%2F15883330566660023915eac0a00ba2ad1588333057.jpg&w=1200&q=75 | https://yellowslate.com/_next/image?url=https%3A%2F%2Fyellowslate.sgp1.cdn.digitaloceanspaces.com%2Fgallery%2F158833295616799973105eac099c0ab891588332956.jpg&w=1200&q=75 | https://yellowslate.com/_next/image?url=https%3A%2F%2Fyellowslate.sgp1.cdn.digitaloceanspaces.com%2Fteam%2F158833320417864547305eac0a94252061588333204.jpg&w=1200&q=75 | https://yellowslate.com/_next/image?url=https%3A%2F%2Fyellowslate.sgp1.cdn.digitaloceanspaces.com%2Fsports%2FYoga.png&w=1200&q=75 | https://yellowslate.com/_next/image?url=https%3A%2F%2Fyellowslate.sgp1.cdn.digitaloceanspaces.com%2Fsports%2FVolleyball.png&w=1200&q=75 | https://yellowslate.com/_next/image?url=https%3A%2F%2Fyellowslate.sgp1.cdn.digitaloceanspaces.com%2Fsports%2FThrowball.png&w=1200&q=75 | https://yellowslate.com/_next/image?url=https%3A%2F%2Fyellowslate.sgp1.cdn.digitaloceanspaces.com%2Fsports%2FTennis.png&w=1200&q=75 | https://yellowslate.com/_next/image?url=https%3A%2F%2Fyellowslate.sgp1.cdn.digitaloceanspaces.com%2Fsports%2FTable-tennis.png&w=1200&q=75 | https://yellowslate.com/_next/image?url=https%3A%2F%2Fyellowslate.sgp1.cdn.digitaloceanspaces.com%2Fsports%2FKho-Kho.png&w=1200&q=75 | https://yellowslate.com/_next/image?url=https%3A%2F%2Fyellowslate.sgp1.cdn.digitaloceanspaces.com%2Fsports%2FKarate.png&w=1200&q=75 | https://yellowslate.com/_next/image?url=https%3A%2F%2Fyellowslate.sgp1.cdn.digitaloceanspaces.com%2Fsports%2FKabaddi.png&w=1200&q=75 | https://yellowslate.com/_next/image?url=https%3A%2F%2Fyellowslate.sgp1.cdn.digitaloceanspaces.com%2Fsports%2FFootball.png&w=1200&q=75 | https://yellowslate.com/_next/image?url=https%3A%2F%2Fyellowslate.sgp1.cdn.digitaloceanspaces.com%2Fsports%2FCricket.png&w=1200&q=75 | https://yellowslate.com/_next/image?url=https%3A%2F%2Fyellowslate.sgp1.cdn.digitaloceanspaces.com%2Fsports%2FChess.png&w=1200&q=75 | https://yellowslate.com/_next/image?url=https%3A%2F%2Fyellowslate.sgp1.cdn.digitaloceanspaces.com%2Fsports%2FCarroms.png&w=1200&q=75 | https://yellowslate.com/_next/image?url=https%3A%2F%2Fyellowslate.sgp1.cdn.digitaloceanspaces.com%2Fsports%2FBasketball.png&w=1200&q=75 | https://yellowslate.com/_next/image?url=https%3A%2F%2Fyellowslate.sgp1.cdn.digitaloceanspaces.com%2Fsports%2FBadminton.png&w=1200&q=75 | https://yellowslate.com/_next/image?url=https%3A%2F%2Fyellowslate-blog.blr1.digitaloceanspaces.com%2F2020%2F04%2FBest-Schools-in-Mumbai-1.jpg&w=1200&q=75 | https://yellowslate.com/_next/image?url=https%3A%2F%2Fyellowslate-blog.blr1.digitaloceanspaces.com%2F2020%2F04%2FPre-Schools-in-mumbai.jpg&w=1200&q=75 | https://yellowslate.com/_next/image?url=https%3A%2F%2Fyellowslate.sgp1.cdn.digitaloceanspaces.com%2Fschools%2F158623613713543871375e8c0ae9d8b801586236138.PNG&w=1200&q=75 | https://yellowslate.com/_next/image?url=https%3A%2F%2Fyellowslate.sgp1.cdn.digitaloceanspaces.com%2Fschools%2F16763114652237084563ea7ba9c31861676311466.jpg&w=1200&q=75
mumbai,/school/mumbai/jbcn-international-school-parel,https://yellowslate.com/school/mumbai/jbcn-international-school-parel,"JBCN International School, Parel - Parel ",4.9,3410,15,+919513238818,"IGCSE, IB",2011,International Schools,Nursery - 12,Co-Education,Parel,https://yellowslate.sgp1.digitaloceanspaces.com/schools/1772632072349tz9o4207v5e.blob | https://yellowslate.com/_next/image?url=https%3A%2F%2Fyellowslate.sgp1.digitaloceanspaces.com%2Fgallery%2F17726332734131t9j4gl6p7i.png&w=1200&q=75 | https://yellowslate.com/_next/image?url=https%3A%2F%2Fyellowslate.sgp1.digitaloceanspaces.com%2Fgallery%2F1772633273064gciwkjkk5qe.png&w=1200&q=75 | https://yellowslate.com/_next/image?url=https%3A%2F%2Fyellowslate.sgp1.digitaloceanspaces.com%2Fgallery%2F1772633272771qn7vacn6f7.blob&w=1200&q=75 | https://yellowslate.com/_next/image?url=https%3A%2F%2Fyellowslate.sgp1.digitaloceanspaces.com%2Fgallery%2F1772633272438987de39oc3a.blob&w=1200&q=75 | https://yellowslate.com/_next/image?url=https%3A%2F%2Fyellowslate.sgp1.digitaloceanspaces.com%2Fgallery%2F1772633272137lqbb6w9ii4.blob&w=1200&q=75 | https://yellowslate.com/_next/image?url=https%3A%2F%2Fyellowslate.sgp1.digitaloceanspaces.com%2Fgallery%2F1772633271850ti9ti7gc97b.blob&w=1200&q=75 | https://yellowslate.com/_next/image?url=https%3A%2F%2Fyellowslate.sgp1.digitaloceanspaces.com%2Fgallery%2F17726332715960yvtdhegw8q.jpeg&w=1200&q=75 | https://yellowslate.com/_next/image?url=https%3A%2F%2Fyellowslate.sgp1.digitaloceanspaces.com%2Fgallery%2F1772633271202zciqxgbd4p.png&w=1200&q=75 | https://yellowslate.com/_next/image?url=https%3A%2F%2Fyellowslate.sgp1.digitaloceanspaces.com%2Fteam%2F1772632987729_piz5d6tuco.jpg&w=1200&q=75 | https://yellowslate.com/_next/image?url=https%3A%2F%2Fyellowslate.sgp1.cdn.digitaloceanspaces.com%2Fsports%2FTable-tennis.png&w=1200&q=75 | https://yellowslate.com/_next/image?url=https%3A%2F%2Fyellowslate.sgp1.cdn.digitaloceanspaces.com%2Fsports%2FSwimming.png&w=1200&q=75 | https://yellowslate.com/_next/image?url=https%3A%2F%2Fyellowslate.sgp1.cdn.digitaloceanspaces.com%2Fsports%2FKarate.png&w=1200&q=75 | https://yellowslate.com/_next/image?url=https%3A%2F%2Fyellowslate.sgp1.cdn.digitaloceanspaces.com%2Fsports%2FYoga.png&w=1200&q=75 | https://yellowslate.com/_next/image?url=https%3A%2F%2Fyellowslate.sgp1.cdn.digitaloceanspaces.com%2Fsports%2FVolleyball.png&w=1200&q=75 | https://yellowslate.com/_next/image?url=https%3A%2F%2Fyellowslate.sgp1.cdn.digitaloceanspaces.com%2Fsports%2FThrowball.png&w=1200&q=75 | https://yellowslate.com/_next/image?url=https%3A%2F%2Fyellowslate.sgp1.cdn.digitaloceanspaces.com%2Fsports%2FTennis.png&w=1200&q=75 | https://yellowslate.com/_next/image?url=https%3A%2F%2Fyellowslate.sgp1.cdn.digitaloceanspaces.com%2Fsports%2FTennikoit.png&w=1200&q=75 | https://yellowslate.com/_next/image?url=https%3A%2F%2Fyellowslate.sgp1.cdn.digitaloceanspaces.com%2Fsports%2FSkating.png&w=1200&q=75 | https://yellowslate.com/_next/image?url=https%3A%2F%2Fyellowslate.sgp1.cdn.digitaloceanspaces.com%2Fsports%2FShooting.png&w=1200&q=75 | https://yellowslate.com/_next/image?url=https%3A%2F%2Fyellowslate.sgp1.cdn.digitaloceanspaces.com%2Fsports%2FKho-Kho.png&w=1200&q=75 | https://yellowslate.com/_next/image?url=https%3A%2F%2Fyellowslate.sgp1.cdn.digitaloceanspaces.com%2Fsports%2FKabaddi.png&w=1200&q=75 | https://yellowslate.com/_next/image?url=https%3A%2F%2Fyellowslate.sgp1.cdn.digitaloceanspaces.com%2Fsports%2FHockey.png&w=1200&q=75 | https://yellowslate.com/_next/image?url=https%3A%2F%2Fyellowslate.sgp1.cdn.digitaloceanspaces.com%2Fsports%2FGymnastics.png&w=1200&q=75 | https://yellowslate.com/_next/image?url=https%3A%2F%2Fyellowslate.sgp1.cdn.digitaloceanspaces.com%2Fsports%2FCricket.png&w=1200&q=75 | https://yellowslate.com/_next/image?url=https%3A%2F%2Fyellowslate.sgp1.cdn.digitaloceanspaces.com%2Fsports%2FCheckers.png&w=1200&q=75 | https://yellowslate.com/_next/image?url=https%3A%2F%2Fyellowslate.sgp1.cdn.digitaloceanspaces.com%2Fsports%2FChess.png&w=1200&q=75 | https://yellowslate.com/_next/image?url=https%3A%2F%2Fyellowslate.sgp1.cdn.digitaloceanspaces.com%2Fsports%2FCarroms.png&w=1200&q=75 | https://yellowslate.com/_next/image?url=https%3A%2F%2Fyellowslate.sgp1.cdn.digitaloceanspaces.com%2Fsports%2FBasketball.png&w=1200&q=75 | https://yellowslate.com/_next/image?url=https%3A%2F%2Fyellowslate.sgp1.cdn.digitaloceanspaces.com%2Fsports%2FBadminton.png&w=1200&q=75 | https://yellowslate.com/_next/image?url=https%3A%2F%2Fyellowslate.sgp1.cdn.digitaloceanspaces.com%2Fsports%2FAthletics.png&w=1200&q=75 | https://yellowslate.com/_next/image?url=https%3A%2F%2Fyellowslate-blog.blr1.digitaloceanspaces.com%2F2020%2F04%2FBest-Schools-in-Mumbai-1.jpg&w=1200&q=75 | https://yellowslate.com/_next/image?url=https%3A%2F%2Fyellowslate-blog.blr1.digitaloceanspaces.com%2F2020%2F04%2FPre-Schools-in-mumbai.jpg&w=1200&q=75 | https://yellowslate.com/_next/image?url=https%3A%2F%2Fyellowslate.sgp1.cdn.digitaloceanspaces.com%2Fschools%2F158660992921076716255e91bf09eefaf1586609930.PNG&w=1200&q=75
mumbai,/school/mumbai/dhirubhai-ambani-international-school-bandra-west,https://yellowslate.com/school/mumbai/dhirubhai-ambani-international-school-bandra-west,Dhirubhai Ambani International School - Bandra West ,3.0,2904,7,+919513238818,"IB, ICSE, IGCSE",2003,International Schools,000 - 448,Co-Education,Bandra West,https://yellowslate.com/_next/image?url=https%3A%2F%2Fyellowslate.sgp1.cdn.digitaloceanspaces.com%2Fgallery%2F1586148788404550735e8ab5b4ea3021586148789.PNG&w=1200&q=75 | https://yellowslate.com/_next/image?url=https%3A%2F%2Fyellowslate.sgp1.cdn.digitaloceanspaces.com%2Fgallery%2F15861487884300968655e8ab5b4e93671586148789.PNG&w=1200&q=75 | https://yellowslate.com/_next/image?url=https%3A%2F%2Fyellowslate.sgp1.cdn.digitaloceanspaces.com%2Fgallery%2F158614878614622881945e8ab5b2d7b851586148787.PNG&w=1200&q=75 | https://yellowslate.com/_next/image?url=https%3A%2F%2Fyellowslate.sgp1.cdn.digitaloceanspaces.com%2Fgallery%2F15861487864959606305e8ab5b2d749d1586148787.PNG&w=1200&q=75 | https://yellowslate.com/_next/image?url=https%3A%2F%2Fyellowslate.sgp1.cdn.digitaloceanspaces.com%2Fgallery%2F158614878416556550625e8ab5b0b37471586148785.PNG&w=1200&q=75 | https://yellowslate.com/_next/image?url=https%3A%2F%2Fyellowslate.sgp1.cdn.digitaloceanspaces.com%2Fgallery%2F15861487842202565835e8ab5b0ab6671586148785.PNG&w=1200&q=75 | https://yellowslate.com/_next/image?url=https%3A%2F%2Fyellowslate.sgp1.cdn.digitaloceanspaces.com%2Fgallery%2F158614878221047891455e8ab5ae3c4e71586148782.PNG&w=1200&q=75 | https://yellowslate.com/_next/image?url=https%3A%2F%2Fyellowslate.sgp1.cdn.digitaloceanspaces.com%2Fgallery%2F15861487829275984995e8ab5ae39a4f1586148782.PNG&w=1200&q=75 | https://yellowslate.com/_next/image?url=https%3A%2F%2Fyellowslate.sgp1.cdn.digitaloceanspaces.com%2Fgallery%2F158614878019842919995e8ab5ac5387a1586148780.PNG&w=1200&q=75 | https://yellowslate.com/_next/image?url=https%3A%2F%2Fyellowslate.sgp1.cdn.digitaloceanspaces.com%2Fgallery%2F15861487802346408495e8ab5ac1eda01586148780.PNG&w=1200&q=75 | https://yellowslate.com/_next/image?url=https%3A%2F%2Fyellowslate.sgp1.cdn.digitaloceanspaces.com%2Fteam%2F15861492498036029495e8ab781713b11586149249.PNG&w=1200&q=75 | https://yellowslate.com/_next/image?url=https%3A%2F%2Fyellowslate.sgp1.cdn.digitaloceanspaces.com%2Fsports%2FYoga.png&w=1200&q=75 | https://yellowslate.com/_next/image?url=https%3A%2F%2Fyellowslate.sgp1.cdn.digitaloceanspaces.com%2Fsports%2FVolleyball.png&w=1200&q=75 | https://yellowslate.com/_next/image?url=https%3A%2F%2Fyellowslate.sgp1.cdn.digitaloceanspaces.com%2Fsports%2FThrowball.png&w=1200&q=75 | https://yellowslate.com/_next/image?url=https%3A%2F%2Fyellowslate.sgp1.cdn.digitaloceanspaces.com%2Fsports%2FTennis.png&w=1200&q=75 | https://yellowslate.com/_next/image?url=https%3A%2F%2Fyellowslate.sgp1.cdn.digitaloceanspaces.com%2Fsports%2FTable-tennis.png&w=1200&q=75 | https://yellowslate.com/_next/image?url=https%3A%2F%2Fyellowslate.sgp1.cdn.digitaloceanspaces.com%2Fsports%2FSkating.png&w=1200&q=75 | https://yellowslate.com/_next/image?url=https%3A%2F%2Fyellowslate.sgp1.cdn.digitaloceanspaces.com%2Fsports%2FKho-Kho.png&w=1200&q=75 | https://yellowslate.com/_next/image?url=https%3A%2F%2Fyellowslate.sgp1.cdn.digitaloceanspaces.com%2Fsports%2FKabaddi.png&w=1200&q=75 | https://yellowslate.com/_next/image?url=https%3A%2F%2Fyellowslate.sgp1.cdn.digitaloceanspaces.com%2Fsports%2FHockey.png&w=1200&q=75 | https://yellowslate.com/_next/image?url=https%3A%2F%2Fyellowslate.sgp1.cdn.digitaloceanspaces.com%2Fsports%2FFootball.png&w=1200&q=75 | https://yellowslate.com/_next/image?url=https%3A%2F%2Fyellowslate.sgp1.cdn.digitaloceanspaces.com%2Fsports%2FCricket.png&w=1200&q=75 | https://yellowslate.com/_next/image?url=https%3A%2F%2Fyellowslate.sgp1.cdn.digitaloceanspaces.com%2Fsports%2FChess.png&w=1200&q=75 | https://yellowslate.com/_next/image?url=https%3A%2F%2Fyellowslate.sgp1.cdn.digitaloceanspaces.com%2Fsports%2FCarroms.png&w=1200&q=75 | https://yellowslate.com/_next/image?url=https%3A%2F%2Fyellowslate.sgp1.cdn.digitaloceanspaces.com%2Fsports%2FBoxing.png&w=1200&q=75 | https://yellowslate.com/_next/image?url=https%3A%2F%2Fyellowslate.sgp1.cdn.digitaloceanspaces.com%2Fsports%2FBasketball.png&w=1200&q=75 | https://yellowslate.com/_next/image?url=https%3A%2F%2Fyellowslate.sgp1.cdn.digitaloceanspaces.com%2Fsports%2FBadminton.png&w=1200&q=75 | https://yellowslate.com/_next/image?url=https%3A%2F%2Fyellowslate.sgp1.cdn.digitaloceanspaces.com%2Fsports%2FAthletics.png&w=1200&q=75 | https://yellowslate.com/_next/image?url=https%3A%2F%2Fyellowslate-blog.blr1.digitaloceanspaces.com%2F2020%2F04%2FBest-Schools-in-Mumbai-1.jpg&w=1200&q=75 | https://yellowslate.com/_next/image?url=https%3A%2F%2Fyellowslate-blog.blr1.digitaloceanspaces.com%2F2020%2F04%2FPre-Schools-in-mumbai.jpg&w=1200&q=75 | https://yellowslate.com/_next/image?url=https%3A%2F%2Fyellowslate.sgp1.cdn.digitaloceanspaces.com%2Fschools%2Fthumb.png&w=1200&q=75 | https://yellowslate.com/_next/image?url=https%3A%2F%2Fyellowslate.sgp1.cdn.digitaloceanspaces.com%2Fschools%2F1685352264114917051264746f4822dcf1685352264.jpg&w=1200&q=75
mumbai,/school/mumbai/jbcn-international-school-chembur-chembur,https://yellowslate.com/school/mumbai/jbcn-international-school-chembur-chembur,"JBCN International School, Chembur - Chembur ",4.5,2873,8,+919513238818,"IB, Cambridge IGCSE",2019,International Schools,Nursery - 12,Co-Education,Chembur,https://yellowslate.com/_next/image?url=https%3A%2F%2Fyellowslate.sgp1.cdn.digitaloceanspaces.com%2Fsports%2FVolleyball.png&w=1200&q=75 | https://yellowslate.com/_next/image?url=https%3A%2F%2Fyellowslate.sgp1.cdn.digitaloceanspaces.com%2Fsports%2FThrowball.png&w=1200&q=75 | https://yellowslate.com/_next/image?url=https%3A%2F%2Fyellowslate.sgp1.cdn.digitaloceanspaces.com%2Fsports%2FTable-tennis.png&w=1200&q=75 | https://yellowslate.com/_next/image?url=https%3A%2F%2Fyellowslate.sgp1.cdn.digitaloceanspaces.com%2Fsports%2FSwimming.png&w=1200&q=75 | https://yellowslate.com/_next/image?url=https%3A%2F%2Fyellowslate.sgp1.cdn.digitaloceanspaces.com%2Fsports%2FSkating.png&w=1200&q=75 | https://yellowslate.com/_next/image?url=https%3A%2F%2Fyellowslate.sgp1.cdn.digitaloceanspaces.com%2Fsports%2FHandball.png&w=1200&q=75 | https://yellowslate.com/_next/image?url=https%3A%2F%2Fyellowslate.sgp1.cdn.digitaloceanspaces.com%2Fsports%2FGymnastics.png&w=1200&q=75 | https://yellowslate.com/_next/image?url=https%3A%2F%2Fyellowslate.sgp1.cdn.digitaloceanspaces.com%2Fsports%2FFootball.png&w=1200&q=75 | https://yellowslate.com/_next/image?url=https%3A%2F%2Fyellowslate.sgp1.cdn.digitaloceanspaces.com%2Fsports%2FCycling.png&w=1200&q=75 | https://yellowslate.com/_next/image?url=https%3A%2F%2Fyellowslate.sgp1.cdn.digitaloceanspaces.com%2Fsports%2FCricket.png&w=1200&q=75 | https://yellowslate.com/_next/image?url=https%3A%2F%2Fyellowslate.sgp1.cdn.digitaloceanspaces.com%2Fsports%2FChess.png&w=1200&q=75 | https://yellowslate.com/_next/image?url=https%3A%2F%2Fyellowslate.sgp1.cdn.digitaloceanspaces.com%2Fsports%2FCarroms.png&w=1200&q=75 | https://yellowslate.com/_next/image?url=https%3A%2F%2Fyellowslate.sgp1.cdn.digitaloceanspaces.com%2Fsports%2FBasketball.png&w=1200&q=75 | https://yellowslate.com/_next/image?url=https%3A%2F%2Fyellowslate.sgp1.cdn.digitaloceanspaces.com%2Fsports%2FBadminton.png&w=1200&q=75 | https://yellowslate.com/_next/image?url=https%3A%2F%2Fyellowslate.sgp1.cdn.digitaloceanspaces.com%2Fsports%2FAthletics.png&w=1200&q=75 | https://yellowslate.com/_next/image?url=https%3A%2F%2Fyellowslate-blog.blr1.digitaloceanspaces.com%2F2024%2F11%2FNASA_1.webp&w=1200&q=75 | https://yellowslate.com/_next/image?url=https%3A%2F%2Fyellowslate.sgp1.cdn.digitaloceanspaces.com%2Fschools%2F17331995241635358094674e86a44a9991733199524.jpg&w=1200&q=75
mumbai,/school/mumbai/st-rocks-high-school-borivali-west,https://yellowslate.com/school/mumbai/st-rocks-high-school-borivali-west,St Rocks High School - Borivali West ,3.5,2872,34,+919513238818,State Board,1997,Public Schools,2026-27,Co-Education,Borivali West,https://yellowslate.com/_next/image?url=https%3A%2F%2Fyellowslate.sgp1.cdn.digitaloceanspaces.com%2Fgallery%2F15884034063302640635ead1ccea037a1588403407.jpg&w=1200&q=75 | https://yellowslate.com/_next/image?url=https%3A%2F%2Fyellowslate.sgp1.cdn.digitaloceanspaces.com%2Fgallery%2F158840340616400966445ead1cce7e6e61588403407.jpg&w=1200&q=75 | https://yellowslate.com/_next/image?url=https%3A%2F%2Fyellowslate.sgp1.cdn.digitaloceanspaces.com%2Fgallery%2F158840340519109205735ead1ccde911c1588403406.jpg&w=1200&q=75 | https://yellowslate.com/_next/image?url=https%3A%2F%2Fyellowslate.sgp1.cdn.digitaloceanspaces.com%2Fgallery%2F158840340514241051905ead1ccd990331588403406.jpg&w=1200&q=75 | https://yellowslate.com/_next/image?url=https%3A%2F%2Fyellowslate.sgp1.cdn.digitaloceanspaces.com%2Fteam%2F15884033289812345085ead1c8080a1d1588403329.jpg&w=1200&q=75 | https://yellowslate.com/_next/image?url=https%3A%2F%2Fyellowslate.sgp1.cdn.digitaloceanspaces.com%2Fsports%2FYoga.png&w=1200&q=75 | https://yellowslate.com/_next/image?url=https%3A%2F%2Fyellowslate.sgp1.cdn.digitaloceanspaces.com%2Fsports%2FVolleyball.png&w=1200&q=75 | https://yellowslate.com/_next/image?url=https%3A%2F%2Fyellowslate.sgp1.cdn.digitaloceanspaces.com%2Fsports%2FThrowball.png&w=1200&q=75 | https://yellowslate.com/_next/image?url=https%3A%2F%2Fyellowslate.sgp1.cdn.digitaloceanspaces.com%2Fsports%2FTennis.png&w=1200&q=75 | https://yellowslate.com/_next/image?url=https%3A%2F%2Fyellowslate.sgp1.cdn.digitaloceanspaces.com%2Fsports%2FTable-tennis.png&w=1200&q=75 | https://yellowslate.com/_next/image?url=https%3A%2F%2Fyellowslate.sgp1.cdn.digitaloceanspaces.com%2Fsports%2FKarate.png&w=1200&q=75 | https://yellowslate.com/_next/image?url=https%3A%2F%2Fyellowslate.sgp1.cdn.digitaloceanspaces.com%2Fsports%2FKabaddi.png&w=1200&q=75 | https://yellowslate.com/_next/image?url=https%3A%2F%2Fyellowslate.sgp1.cdn.digitaloceanspaces.com%2Fsports%2FCricket.png&w=1200&q=75 | https://yellowslate.com/_next/image?url=https%3A%2F%2Fyellowslate.sgp1.cdn.digitaloceanspaces.com%2Fsports%2FChess.png&w=1200&q=75 | https://yellowslate.com/_next/image?url=https%3A%2F%2Fyellowslate.sgp1.cdn.digitaloceanspaces.com%2Fsports%2FCarroms.png&w=1200&q=75 | https://yellowslate.com/_next/image?url=https%3A%2F%2Fyellowslate.sgp1.cdn.digitaloceanspaces.com%2Fsports%2FBadminton.png&w=1200&q=75 | https://yellowslate.com/_next/image?url=https%3A%2F%2Fyellowslate-blog.blr1.digitaloceanspaces.com%2F2020%2F04%2FBest-Schools-in-Mumbai-1.jpg&w=1200&q=75 | https://yellowslate.com/_next/image?url=https%3A%2F%2Fyellowslate-blog.blr1.digitaloceanspaces.com%2F2020%2F04%2FPre-Schools-in-mumbai.jpg&w=1200&q=75 | https://yellowslate.com/_next/image?url=https%3A%2F%2Fyellowslate.sgp1.cdn.digitaloceanspaces.com%2Fschools%2F159202426412635679005ee45cc8a321d1592024265.PNG&w=1200&q=75
mumbai,/school/mumbai/jbcn-international-school-borivali,https://yellowslate.com/school/mumbai/jbcn-international-school-borivali,"JBCN International School, Borivali - Borivali ",4.7,2749,3,+919513238818,"ICSE, Cambridge AIE, IGCSE",2009,"Day Schools, International Schools",Nursery - 12,Co-Education,Borivali,https://yellowslate.sgp1.digitaloceanspaces.com/schools/1772610928251op18bxx827l.blob | https://yellowslate.com/_next/image?url=https%3A%2F%2Fyellowslate.sgp1.digitaloceanspaces.com%2Fgallery%2F1772613338160v036tyn2ko.blob&w=1200&q=75 | https://yellowslate.com/_next/image?url=https%3A%2F%2Fyellowslate.sgp1.digitaloceanspaces.com%2Fgallery%2F17726133377809eg94lhrvv.blob&w=1200&q=75 | https://yellowslate.com/_next/image?url=https%3A%2F%2Fyellowslate.sgp1.digitaloceanspaces.com%2Fgallery%2F1772613337443satqxy352ib.blob&w=1200&q=75 | https://yellowslate.com/_next/image?url=https%3A%2F%2Fyellowslate.sgp1.digitaloceanspaces.com%2Fgallery%2F17726133371058lsek2180va.blob&w=1200&q=75 | https://yellowslate.com/_next/image?url=https%3A%2F%2Fyellowslate.sgp1.digitaloceanspaces.com%2Fgallery%2F1772613336807k0nrbedpgwl.blob&w=1200&q=75 | https://yellowslate.com/_next/image?url=https%3A%2F%2Fyellowslate.sgp1.digitaloceanspaces.com%2Fgallery%2F1772613336434zi0s3y5t2jr.blob&w=1200&q=75 | https://yellowslate.com/_next/image?url=https%3A%2F%2Fyellowslate.sgp1.digitaloceanspaces.com%2Fgallery%2F17726133360629gcicgbcjf.blob&w=1200&q=75 | https://yellowslate.com/_next/image?url=https%3A%2F%2Fyellowslate.sgp1.digitaloceanspaces.com%2Fgallery%2F1772613335771av5zt30hlda.blob&w=1200&q=75 | https://yellowslate.com/_next/image?url=https%3A%2F%2Fyellowslate.sgp1.digitaloceanspaces.com%2Fgallery%2F17726133354520rskdiksr3w.blob&w=1200&q=75 | https://yellowslate.com/_next/image?url=https%3A%2F%2Fyellowslate.sgp1.digitaloceanspaces.com%2Fgallery%2F1772613334967i2ruwxow4vj.blob&w=1200&q=75 | https://yellowslate.com/_next/image?url=https%3A%2F%2Fyellowslate.sgp1.cdn.digitaloceanspaces.com%2Fsports%2FVolleyball.png&w=1200&q=75 | https://yellowslate.com/_next/image?url=https%3A%2F%2Fyellowslate.sgp1.cdn.digitaloceanspaces.com%2Fsports%2FThrowball.png&w=1200&q=75 | https://yellowslate.com/_next/image?url=https%3A%2F%2Fyellowslate.sgp1.cdn.digitaloceanspaces.com%2Fsports%2FTable-tennis.png&w=1200&q=75 | https://yellowslate.com/_next/image?url=https%3A%2F%2Fyellowslate.sgp1.cdn.digitaloceanspaces.com%2Fsports%2FSwimming.png&w=1200&q=75 | https://yellowslate.com/_next/image?url=https%3A%2F%2Fyellowslate.sgp1.cdn.digitaloceanspaces.com%2Fsports%2FSquash.png&w=1200&q=75 | https://yellowslate.com/_next/image?url=https%3A%2F%2Fyellowslate.sgp1.cdn.digitaloceanspaces.com%2Fsports%2FSkating.png&w=1200&q=75 | https://yellowslate.com/_next/image?url=https%3A%2F%2Fyellowslate.sgp1.cdn.digitaloceanspaces.com%2Fsports%2FKabaddi.png&w=1200&q=75 | https://yellowslate.com/_next/image?url=https%3A%2F%2Fyellowslate.sgp1.cdn.digitaloceanspaces.com%2Fsports%2FGymnastics.png&w=1200&q=75 | https://yellowslate.com/_next/image?url=https%3A%2F%2Fyellowslate.sgp1.cdn.digitaloceanspaces.com%2Fsports%2FFootball.png&w=1200&q=75 | https://yellowslate.com/_next/image?url=https%3A%2F%2Fyellowslate.sgp1.cdn.digitaloceanspaces.com%2Fsports%2FCycling.png&w=1200&q=75 | https://yellowslate.com/_next/image?url=https%3A%2F%2Fyellowslate.sgp1.cdn.digitaloceanspaces.com%2Fsports%2FCricket.png&w=1200&q=75 | https://yellowslate.com/_next/image?url=https%3A%2F%2Fyellowslate.sgp1.cdn.digitaloceanspaces.com%2Fsports%2FChess.png&w=1200&q=75 | https://yellowslate.com/_next/image?url=https%3A%2F%2Fyellowslate.sgp1.cdn.digitaloceanspaces.com%2Fsports%2FCarroms.png&w=1200&q=75 | https://yellowslate.com/_next/image?url=https%3A%2F%2Fyellowslate.sgp1.cdn.digitaloceanspaces.com%2Fsports%2FBasketball.png&w=1200&q=75 | https://yellowslate.com/_next/image?url=https%3A%2F%2Fyellowslate.sgp1.cdn.digitaloceanspaces.com%2Fsports%2FBadminton.png&w=1200&q=75 | https://yellowslate.com/_next/image?url=https%3A%2F%2Fyellowslate.sgp1.cdn.digitaloceanspaces.com%2Fsports%2FAthletics.png&w=1200&q=75 | https://yellowslate.com/_next/image?url=https%3A%2F%2Fyellowslate-blog.blr1.digitaloceanspaces.com%2F2020%2F04%2FBest-Schools-in-Mumbai-1.jpg&w=1200&q=75 | https://yellowslate.com/_next/image?url=https%3A%2F%2Fyellowslate-blog.blr1.digitaloceanspaces.com%2F2020%2F04%2FPre-Schools-in-mumbai.jpg&w=1200&q=75 | https://yellowslate.com/_next/image?url=https%3A%2F%2Fyellowslate.sgp1.cdn.digitaloceanspaces.com%2Fschools%2F159775886716244820245f3bdd93cabbd1597758868.PNG&w=1200&q=75 | https://yellowslate.com/_next/image?url=https%3A%2F%2Fyellowslate.sgp1.cdn.digitaloceanspaces.com%2Fschools%2F158797213114672918225ea68823035b21587972131.jpg&w=1200&q=75
mumbai,/school/mumbai/smt-sulochanadevi-singhania-school-thane-west,https://yellowslate.com/school/mumbai/smt-sulochanadevi-singhania-school-thane-west,Smt. Sulochanadevi Singhania School - Thane West ,4.5,2748,160,+919513238818,"IB, ICSE",1969,Public Schools,2026-27,Co-Education,Thane West,https://yellowslate.com/_next/image?url=https%3A%2F%2Fyellowslate.sgp1.cdn.digitaloceanspaces.com%2Fgallery%2F158617043217214504505e8b0a405eb461586170432.PNG&w=1200&q=75 | https://yellowslate.com/_next/image?url=https%3A%2F%2Fyellowslate.sgp1.cdn.digitaloceanspaces.com%2Fgallery%2F15861704309644018255e8b0a3e2a6951586170430.PNG&w=1200&q=75 | https://yellowslate.com/_next/image?url=https%3A%2F%2Fyellowslate.sgp1.cdn.digitaloceanspaces.com%2Fgallery%2F15861704302975462425e8b0a3e2149c1586170430.PNG&w=1200&q=75 | https://yellowslate.com/_next/image?url=https%3A%2F%2Fyellowslate.sgp1.cdn.digitaloceanspaces.com%2Fgallery%2F15861704219425657745e8b0a35538301586170421.PNG&w=1200&q=75 | https://yellowslate.com/_next/image?url=https%3A%2F%2Fyellowslate.sgp1.cdn.digitaloceanspaces.com%2Fgallery%2F158617042121427720015e8b0a354a2711586170421.PNG&w=1200&q=75 | https://yellowslate.com/_next/image?url=https%3A%2F%2Fyellowslate.sgp1.cdn.digitaloceanspaces.com%2Fgallery%2F158617041913702718355e8b0a33256531586170419.PNG&w=1200&q=75 | https://yellowslate.com/_next/image?url=https%3A%2F%2Fyellowslate.sgp1.cdn.digitaloceanspaces.com%2Fgallery%2F15861704191077969385e8b0a331108f1586170419.PNG&w=1200&q=75 | https://yellowslate.com/_next/image?url=https%3A%2F%2Fyellowslate.sgp1.cdn.digitaloceanspaces.com%2Fteam%2Fmember_thumb.png&w=1200&q=75 | https://yellowslate.com/_next/image?url=https%3A%2F%2Fyellowslate.sgp1.cdn.digitaloceanspaces.com%2Fsports%2FYoga.png&w=1200&q=75 | https://yellowslate.com/_next/image?url=https%3A%2F%2Fyellowslate.sgp1.cdn.digitaloceanspaces.com%2Fsports%2FVolleyball.png&w=1200&q=75 | https://yellowslate.com/_next/image?url=https%3A%2F%2Fyellowslate.sgp1.cdn.digitaloceanspaces.com%2Fsports%2FThrowball.png&w=1200&q=75 | https://yellowslate.com/_next/image?url=https%3A%2F%2Fyellowslate.sgp1.cdn.digitaloceanspaces.com%2Fsports%2FTennis.png&w=1200&q=75 | https://yellowslate.com/_next/image?url=https%3A%2F%2Fyellowslate.sgp1.cdn.digitaloceanspaces.com%2Fsports%2FTable-tennis.png&w=1200&q=75 | https://yellowslate.com/_next/image?url=https%3A%2F%2Fyellowslate.sgp1.cdn.digitaloceanspaces.com%2Fsports%2FKho-Kho.png&w=1200&q=75 | https://yellowslate.com/_next/image?url=https%3A%2F%2Fyellowslate.sgp1.cdn.digitaloceanspaces.com%2Fsports%2FKabaddi.png&w=1200&q=75 | https://yellowslate.com/_next/image?url=https%3A%2F%2Fyellowslate.sgp1.cdn.digitaloceanspaces.com%2Fsports%2FHockey.png&w=1200&q=75 | https://yellowslate.com/_next/image?url=https%3A%2F%2Fyellowslate.sgp1.cdn.digitaloceanspaces.com%2Fsports%2FFootball.png&w=1200&q=75 | https://yellowslate.com/_next/image?url=https%3A%2F%2Fyellowslate.sgp1.cdn.digitaloceanspaces.com%2Fsports%2FCricket.png&w=1200&q=75 | https://yellowslate.com/_next/image?url=https%3A%2F%2Fyellowslate.sgp1.cdn.digitaloceanspaces.com%2Fsports%2FCarroms.png&w=1200&q=75 | https://yellowslate.com/_next/image?url=https%3A%2F%2Fyellowslate.sgp1.cdn.digitaloceanspaces.com%2Fsports%2FBilliards.png&w=1200&q=75 | https://yellowslate.com/_next/image?url=https%3A%2F%2Fyellowslate.sgp1.cdn.digitaloceanspaces.com%2Fsports%2FBasketball.png&w=1200&q=75 | https://yellowslate.com/_next/image?url=https%3A%2F%2Fyellowslate.sgp1.cdn.digitaloceanspaces.com%2Fsports%2FBadminton.png&w=1200&q=75 | https://yellowslate.com/_next/image?url=https%3A%2F%2Fyellowslate-blog.blr1.digitaloceanspaces.com%2F2020%2F04%2FBest-Schools-in-Mumbai-1.jpg&w=1200&q=75 | https://yellowslate.com/_next/image?url=https%3A%2F%2Fyellowslate-blog.blr1.digitaloceanspaces.com%2F2020%2F04%2FPre-Schools-in-mumbai.jpg&w=1200&q=75 | https://yellowslate.com/_next/image?url=https%3A%2F%2Fyellowslate.sgp1.digitaloceanspaces.com%2Fschools%2F1772688103432urtl8epgv2p.blob&w=1200&q=75
mumbai,/school/mumbai/jbcn-international-school-mulund-mulund-east,https://yellowslate.com/school/mumbai/jbcn-international-school-mulund-mulund-east,"JBCN International School, Mulund - Mulund East ",0,2535,0,+919513238818,"ICSE, Cambridge IGCSE",2024,"Day Schools, International Schools",Nursery - 12,Co-Education,Mulund East,https://yellowslate.com/_next/image?url=https%3A%2F%2Fyellowslate.sgp1.cdn.digitaloceanspaces.com%2Fsports%2FYoga.png&w=1200&q=75 | https://yellowslate.com/_next/image?url=https%3A%2F%2Fyellowslate.sgp1.cdn.digitaloceanspaces.com%2Fsports%2FThrowball.png&w=1200&q=75 | https://yellowslate.com/_next/image?url=https%3A%2F%2Fyellowslate.sgp1.cdn.digitaloceanspaces.com%2Fsports%2FVolleyball.png&w=1200&q=75 | https://yellowslate.com/_next/image?url=https%3A%2F%2Fyellowslate.sgp1.cdn.digitaloceanspaces.com%2Fsports%2FTennis.png&w=1200&q=75 | https://yellowslate.com/_next/image?url=https%3A%2F%2Fyellowslate.sgp1.cdn.digitaloceanspaces.com%2Fsports%2FTable-tennis.png&w=1200&q=75 | https://yellowslate.com/_next/image?url=https%3A%2F%2Fyellowslate.sgp1.cdn.digitaloceanspaces.com%2Fsports%2FSwimming.png&w=1200&q=75 | https://yellowslate.com/_next/image?url=https%3A%2F%2Fyellowslate.sgp1.cdn.digitaloceanspaces.com%2Fsports%2FSquash.png&w=1200&q=75 | https://yellowslate.com/_next/image?url=https%3A%2F%2Fyellowslate.sgp1.cdn.digitaloceanspaces.com%2Fsports%2FSkating.png&w=1200&q=75 | https://yellowslate.com/_next/image?url=https%3A%2F%2Fyellowslate.sgp1.cdn.digitaloceanspaces.com%2Fsports%2FKarate.png&w=1200&q=75 | https://yellowslate.com/_next/image?url=https%3A%2F%2Fyellowslate.sgp1.cdn.digitaloceanspaces.com%2Fsports%2FHandball.png&w=1200&q=75 | https://yellowslate.com/_next/image?url=https%3A%2F%2Fyellowslate.sgp1.cdn.digitaloceanspaces.com%2Fsports%2FGymnastics.png&w=1200&q=75 | https://yellowslate.com/_next/image?url=https%3A%2F%2Fyellowslate.sgp1.cdn.digitaloceanspaces.com%2Fsports%2FFootball.png&w=1200&q=75 | https://yellowslate.com/_next/image?url=https%3A%2F%2Fyellowslate.sgp1.cdn.digitaloceanspaces.com%2Fsports%2FCycling.png&w=1200&q=75 | https://yellowslate.com/_next/image?url=https%3A%2F%2Fyellowslate.sgp1.cdn.digitaloceanspaces.com%2Fsports%2FCricket.png&w=1200&q=75 | https://yellowslate.com/_next/image?url=https%3A%2F%2Fyellowslate.sgp1.cdn.digitaloceanspaces.com%2Fsports%2FChess.png&w=1200&q=75 | https://yellowslate.com/_next/image?url=https%3A%2F%2Fyellowslate.sgp1.cdn.digitaloceanspaces.com%2Fsports%2FCarroms.png&w=1200&q=75 | https://yellowslate.com/_next/image?url=https%3A%2F%2Fyellowslate.sgp1.cdn.digitaloceanspaces.com%2Fsports%2FBasketball.png&w=1200&q=75 | https://yellowslate.com/_next/image?url=https%3A%2F%2Fyellowslate.sgp1.cdn.digitaloceanspaces.com%2Fsports%2FBadminton.png&w=1200&q=75 | https://yellowslate.com/_next/image?url=https%3A%2F%2Fyellowslate.sgp1.cdn.digitaloceanspaces.com%2Fsports%2FAthletics.png&w=1200&q=75 | https://yellowslate.com/_next/image?url=https%3A%2F%2Fyellowslate-blog.blr1.digitaloceanspaces.com%2F2020%2F04%2FBest-Schools-in-Mumbai-1.jpg&w=1200&q=75 | https://yellowslate.com/_next/image?url=https%3A%2F%2Fyellowslate-blog.blr1.digitaloceanspaces.com%2F2020%2F04%2FPre-Schools-in-mumbai.jpg&w=1200&q=75
mumbai,/school/mumbai/pvg-vidya-bhawan-school-ghatkopar-east,https://yellowslate.com/school/mumbai/pvg-vidya-bhawan-school-ghatkopar-east,PVG Vidya Bhawan School - Ghatkopar East ,4.2,2531,83,+919513238818,State Board,2008,Public Schools,2026-27,Co-Education,Ghatkopar East,https://yellowslate.com/_next/image?url=https%3A%2F%2Fyellowslate.sgp1.cdn.digitaloceanspaces.com%2Fgallery%2F15886806941603770245eb157f626d211588680694.jpg&w=1200&q=75 | https://yellowslate.com/_next/image?url=https%3A%2F%2Fyellowslate.sgp1.cdn.digitaloceanspaces.com%2Fgallery%2F158868068212046433465eb157ea5a9651588680682.jpg&w=1200&q=75 | https://yellowslate.com/_next/image?url=https%3A%2F%2Fyellowslate.sgp1.cdn.digitaloceanspaces.com%2Fsports%2FYoga.png&w=1200&q=75 | https://yellowslate.com/_next/image?url=https%3A%2F%2Fyellowslate.sgp1.cdn.digitaloceanspaces.com%2Fsports%2FVolleyball.png&w=1200&q=75 | https://yellowslate.com/_next/image?url=https%3A%2F%2Fyellowslate.sgp1.cdn.digitaloceanspaces.com%2Fsports%2FThrowball.png&w=1200&q=75 | https://yellowslate.com/_next/image?url=https%3A%2F%2Fyellowslate.sgp1.cdn.digitaloceanspaces.com%2Fsports%2FTennis.png&w=1200&q=75 | https://yellowslate.com/_next/image?url=https%3A%2F%2Fyellowslate.sgp1.cdn.digitaloceanspaces.com%2Fsports%2FTable-tennis.png&w=1200&q=75 | https://yellowslate.com/_next/image?url=https%3A%2F%2Fyellowslate.sgp1.cdn.digitaloceanspaces.com%2Fsports%2FKarate.png&w=1200&q=75 | https://yellowslate.com/_next/image?url=https%3A%2F%2Fyellowslate.sgp1.cdn.digitaloceanspaces.com%2Fsports%2FKabaddi.png&w=1200&q=75 | https://yellowslate.com/_next/image?url=https%3A%2F%2Fyellowslate.sgp1.cdn.digitaloceanspaces.com%2Fsports%2FHandball.png&w=1200&q=75 | https://yellowslate.com/_next/image?url=https%3A%2F%2Fyellowslate.sgp1.cdn.digitaloceanspaces.com%2Fsports%2FCricket.png&w=1200&q=75 | https://yellowslate.com/_next/image?url=https%3A%2F%2Fyellowslate.sgp1.cdn.digitaloceanspaces.com%2Fsports%2FChess.png&w=1200&q=75 | https://yellowslate.com/_next/image?url=https%3A%2F%2Fyellowslate.sgp1.cdn.digitaloceanspaces.com%2Fsports%2FCarroms.png&w=1200&q=75 | https://yellowslate.com/_next/image?url=https%3A%2F%2Fyellowslate.sgp1.cdn.digitaloceanspaces.com%2Fsports%2FBasketball.png&w=1200&q=75 | https://yellowslate.com/_next/image?url=https%3A%2F%2Fyellowslate.sgp1.cdn.digitaloceanspaces.com%2Fsports%2FBadminton.png&w=1200&q=75 | https://yellowslate.com/_next/image?url=https%3A%2F%2Fyellowslate-blog.blr1.digitaloceanspaces.com%2F2020%2F04%2FBest-Schools-in-Mumbai-1.jpg&w=1200&q=75 | https://yellowslate.com/_next/image?url=https%3A%2F%2Fyellowslate-blog.blr1.digitaloceanspaces.com%2F2020%2F04%2FPre-Schools-in-mumbai.jpg&w=1200&q=75 | https://yellowslate.com/_next/image?url=https%3A%2F%2Fyellowslate.sgp1.cdn.digitaloceanspaces.com%2Fschools%2Fthumb.png&w=1200&q=75 | https://yellowslate.com/_next/image?url=https%3A%2F%2Fyellowslate.sgp1.cdn.digitaloceanspaces.com%2Fschools%2F15920344042901944885ee48464da1fb1592034405.PNG&w=1200&q=75
mumbai,/school/mumbai/bombay-scottish-school-mahim,https://yellowslate.com/school/mumbai/bombay-scottish-school-mahim,Bombay Scottish School - Mahim ,4.0,2491,19,+919513238818,ICSE,1897,Public Schools,000 - 90,Co-Education,Mahim,https://yellowslate.com/_next/image?url=https%3A%2F%2Fyellowslate.sgp1.cdn.digitaloceanspaces.com%2Fgallery%2F158616348919151292775e8aef217f3ea1586163490.PNG&w=1200&q=75 | https://yellowslate.com/_next/image?url=https%3A%2F%2Fyellowslate.sgp1.cdn.digitaloceanspaces.com%2Fgallery%2F15861634879415461595e8aef1f2e1ec1586163487.PNG&w=1200&q=75 | https://yellowslate.com/_next/image?url=https%3A%2F%2Fyellowslate.sgp1.cdn.digitaloceanspaces.com%2Fgallery%2F15861634877155088505e8aef1f26ce71586163487.PNG&w=1200&q=75 | https://yellowslate.com/_next/image?url=https%3A%2F%2Fyellowslate.sgp1.cdn.digitaloceanspaces.com%2Fgallery%2F158616348417514232745e8aef1cb507b1586163485.PNG&w=1200&q=75 | https://yellowslate.com/_next/image?url=https%3A%2F%2Fyellowslate.sgp1.cdn.digitaloceanspaces.com%2Fgallery%2F158616348411281431775e8aef1ca612c1586163485.PNG&w=1200&q=75 | https://yellowslate.com/_next/image?url=https%3A%2F%2Fyellowslate.sgp1.cdn.digitaloceanspaces.com%2Fteam%2F158616369217535703585e8aefec4fa6f1586163692.PNG&w=1200&q=75 | https://yellowslate.com/_next/image?url=https%3A%2F%2Fyellowslate.sgp1.cdn.digitaloceanspaces.com%2Fsports%2FYoga.png&w=1200&q=75 | https://yellowslate.com/_next/image?url=https%3A%2F%2Fyellowslate.sgp1.cdn.digitaloceanspaces.com%2Fsports%2FVolleyball.png&w=1200&q=75 | https://yellowslate.com/_next/image?url=https%3A%2F%2Fyellowslate.sgp1.cdn.digitaloceanspaces.com%2Fsports%2FThrowball.png&w=1200&q=75 | https://yellowslate.com/_next/image?url=https%3A%2F%2Fyellowslate.sgp1.cdn.digitaloceanspaces.com%2Fsports%2FTennis.png&w=1200&q=75 | https://yellowslate.com/_next/image?url=https%3A%2F%2Fyellowslate.sgp1.cdn.digitaloceanspaces.com%2Fsports%2FKho-Kho.png&w=1200&q=75 | https://yellowslate.com/_next/image?url=https%3A%2F%2Fyellowslate.sgp1.cdn.digitaloceanspaces.com%2Fsports%2FKarate.png&w=1200&q=75 | https://yellowslate.com/_next/image?url=https%3A%2F%2Fyellowslate.sgp1.cdn.digitaloceanspaces.com%2Fsports%2FKabaddi.png&w=1200&q=75 | https://yellowslate.com/_next/image?url=https%3A%2F%2Fyellowslate.sgp1.cdn.digitaloceanspaces.com%2Fsports%2FHockey.png&w=1200&q=75 | https://yellowslate.com/_next/image?url=https%3A%2F%2Fyellowslate.sgp1.cdn.digitaloceanspaces.com%2Fsports%2FGolf.png&w=1200&q=75 | https://yellowslate.com/_next/image?url=https%3A%2F%2Fyellowslate.sgp1.cdn.digitaloceanspaces.com%2Fsports%2FFootball.png&w=1200&q=75 | https://yellowslate.com/_next/image?url=https%3A%2F%2Fyellowslate.sgp1.cdn.digitaloceanspaces.com%2Fsports%2FCycling.png&w=1200&q=75 | https://yellowslate.com/_next/image?url=https%3A%2F%2Fyellowslate.sgp1.cdn.digitaloceanspaces.com%2Fsports%2FCricket.png&w=1200&q=75 | https://yellowslate.com/_next/image?url=https%3A%2F%2Fyellowslate.sgp1.cdn.digitaloceanspaces.com%2Fsports%2FChess.png&w=1200&q=75 | https://yellowslate.com/_next/image?url=https%3A%2F%2Fyellowslate.sgp1.cdn.digitaloceanspaces.com%2Fsports%2FCarroms.png&w=1200&q=75 | https://yellowslate.com/_next/image?url=https%3A%2F%2Fyellowslate.sgp1.cdn.digitaloceanspaces.com%2Fsports%2FBasketball.png&w=1200&q=75 | https://yellowslate.com/_next/image?url=https%3A%2F%2Fyellowslate.sgp1.cdn.digitaloceanspaces.com%2Fsports%2FBadminton.png&w=1200&q=75 | https://yellowslate.com/_next/image?url=https%3A%2F%2Fyellowslate.sgp1.cdn.digitaloceanspaces.com%2Fsports%2FAthletics.png&w=1200&q=75 | https://yellowslate.com/_next/image?url=https%3A%2F%2Fyellowslate-blog.blr1.digitaloceanspaces.com%2F2020%2F04%2FBest-Schools-in-Mumbai-1.jpg&w=1200&q=75 | https://yellowslate.com/_next/image?url=https%3A%2F%2Fyellowslate-blog.blr1.digitaloceanspaces.com%2F2020%2F04%2FPre-Schools-in-mumbai.jpg&w=1200&q=75 | https://yellowslate.com/_next/image?url=https%3A%2F%2Fyellowslate.sgp1.cdn.digitaloceanspaces.com%2Fschools%2F158851817920328338935eaedd2340d6c1588518179.jpg&w=1200&q=75 | https://yellowslate.com/_next/image?url=https%3A%2F%2Fyellowslate.sgp1.cdn.digitaloceanspaces.com%2Fschools%2F15883356476460378655eac141f1b62e1588335647.jpg&w=1200&q=75
